customerid,purchasedate,productid,department,product_name,brand,subcategory,size,colour,units,price,weight,city,state,postal_code,payment_method,payment_channel,payment_reference,tags,ratings,discounts
customer01@example.com,2026-01-05T09:15Z,PROD-1001,Electronics,Wireless Headphones,SoundMax,Audio,N/A,Black,1,899,Medium,Bengaluru,Karnataka,560001,UPI,MobileApp,TXN-90001,bestseller|wireless|audio,4|5,WELCOME:50
customer02@example.com,2026-01-07T11:30Z,PROD-1002,Books,Data Engineering Handbook,TechPress,Technology,N/A,N/A,2,35,Light,Mysuru,Karnataka,570001,CreditCard,Web,TXN-90002,technology|programming|bestseller,4|5,BOOK10:10|MEMBER:5
customer01@example.com,2026-01-10T14:20Z,PROD-1003,Clothing,Cotton Casual Shirt,UrbanWear,Mens Clothing,Large,Blue,3,55,Light,Bengaluru,Karnataka,560034,UPI,MobileApp,TXN-90003,cotton|casual|summer,3|4|5,FASHION15:15
customer03@example.com,2026-01-12T16:45Z,PROD-1004,Home & Kitchen,Electric Coffee Maker,BrewPro,Kitchen Appliances,N/A,Silver,1,129,Medium,Chennai,Tamil Nadu,600018,DebitCard,Web,TXN-90004,coffee|kitchen|appliance,4|5,KITCHEN20:20
customer04@example.com,2026-01-15T10:10Z,PROD-1005,Sports,Performance Running T-Shirt,RunFit,Running,Medium,Green,4,40,Medium,Hyderabad,Telangana,500081,UPI,MobileApp,TXN-90005,running|sportswear|fitness,4|5,SPORTS10:10
customer02@example.com,2026-01-18T13:05Z,PROD-1006,Electronics,Smart LED Monitor,ViewMax,Computer Accessories,N/A,White,2,649,Heavy,Pune,Maharashtra,411014,CreditCard,Web,TXN-90006,monitor|office|work-from-home,3|4|5,ELECTRONICS25:25|MEMBER:15
customer05@example.com,2026-01-21T15:40Z,PROD-1007,Home & Kitchen,Ceramic Dinner Plate Set,HomeCraft,Dining,N/A,Red,5,25,Light,Mumbai,Maharashtra,400050,UPI,MobileApp,TXN-90007,dining|ceramic|home,4|5,HOME15:15
customer03@example.com,2026-01-24T18:25Z,PROD-1008,Electronics,4K Smart Television,VisionPlus,Television,N/A,Grey,1,1199,Heavy,Delhi,Delhi,110017,CreditCard,Web,TXN-90008,4K|smart-tv|entertainment,4|5,TV50:50
customer01@example.com,2026-01-27T12:50Z,PROD-1009,Clothing,Slim Fit Denim Jeans,DenimWorks,Mens Clothing,Medium,Black,2,75,Light,Bengaluru,Karnataka,560068,UPI,MobileApp,TXN-90009,denim|casual|fashion,3|4|5,DENIM20:20
customer06@example.com,2026-01-30T17:15Z,PROD-1010,Gardening,Garden Tool Set,GreenGrow,Garden Tools,N/A,Green,3,32,Medium,Coimbatore,Tamil Nadu,641001,DebitCard,Web,TXN-90010,gardening|tools|outdoor,4|5,GARDEN10:10
